0,"Prehranska obravnava bolnika z rakom je zato del njihovega zdravljenja, začeti jo moramo dovolj zgodaj. Bistvenega pomena za uspešno onkološko zdravljenje je čim bolje delujoč  imunski sistem. Novica",242,250
1,"V vsaki kopalnici in ločenih WC-jih je nameščen odvodni ventilator Lunos Silvento V30 / 60 / 100. Ventilatorska enota ima tri stopenjsko delovanje 30 – 60 - 100m ³ / h, pri čemer je 30m3 / h stalno delujoč  (poraba el. energije 5, 4W / h).",242,250
2,"Telesat opravlja vse zahtevane storitve pod pogoji in določili ter po cenah in pogojih, določenih v pogodbi in v ustreznem ceniku za storitev. Telesat zagotavlja ob prvi priključitvi uporabnikovega računalnika na omrežje JeseniceNet nastavitev vseh mrežnih parametrov, ki so potrebni za vključitev v omrežje pod pogojem, da ima naročnik delujoč  operacijski sistem Windows in delujočo mrežno kartico v računaniku. Telesat izvede spremembo parametrov storitve, ki jo zahteva naročnik in jo potrdita obe pogodbeni stranki v pogodbi, najpozneje v roku, ki je določen za izvedbo sprememb in naveden v pogodbi oz. ustreznem ceniku za storitev.",242,250
3,"Faza Izvedbene projekte za sekundarno vakuumsko kanalizacijo za naselja Cirkovce, Jablane, Pongerce, Šikole in Stražgonjca, s tem projektom dopolnjujemo že izgrajen in delujoč  primarni vakuumski sistem, ki je bil prav tako izveden v naši projektantski hiši. Končali smo projekt za pridobitev gradbenega dovoljenja za primarne in sekundarne vode v občini Tišina za projekt Pomurski vodovod - 1.",242,250
4,"Preberi več Mednarodno delujoč  slovenski oblikovalec krajine Tomaž Bavdež in Tomaž Čufer iz vrtnarskega podjetja Humko d.o.o., sta v petek 04. maja v Botaničnem vrtu Ljubljana predstavila projekt imenovan The Soft Machine.",242,250
5,"Z objavo oglasa na www.najoglasi.si, se uporabnik strinja, da bo vestno odgovarjal na povpraševanja drugih uporabnikov (bodisi po telefonu ali po emailu). Uporabnik mora imeti delujoč  email naslov, kjer periodično pregleduje pošto. 23.",242,250
6,"Vejevja in grmovja bodo očistili vrtače, na katerih bo zopet rasla trava – hrana za gozdne živali, uredili bodo tudi brežine Kolpe in na novo označili pešpoti. Hkrati pa sami poglabljali znanja iz posredovanja, razumevanja in natančnega dajanja navodil ter se povezali v usklajen, dobro povezan in učinkovito delujoč  tim. Za tesnejše in hitrejše tkanje neformalnih vezi pa še: belokranjska kulinarika, za plavanje in osvežitev primerna Kolpa, tekma v raftingu in izdelovanje belokranjske pisanice.",242,250
7,"Nudimo neke vrste zunanji "" help desk "", kjer podjetjem brez oddelka Informacijske Tehnologije omogočamo čim bolj nemoteno delovanje delovnih postaj, strežnikov ter računalniške mreže. Podjetjem vzpostavimo delujoč  informacijski sistem z vsemi potrebnimi nastavitvami za nemoteno uporabo. Z izkušnjami, dosegljivostjo ter kratkim odzivnim časom hitro in uspešno odpravimo morebitne težave ali prilagodimo sistem.",242,250
8,Možna je tudi dostava računalnika na naš naslov ali pošiljanje preko pošte. Naš končni cilj je 100 delujoč  računalnik in zadovoljna stranka. Kaj so naše prednosti?,242,250
9,"Pomagata lahko tudi benzodiazepin klonazepam, 1-3 mg dnevno in triciklični antidepresiv amitriptilin v nizkih odmerkih, 10-40 mg dnevno. Za začasno prekinitev hude bolečine lahko uporabimo tudi blokado živca z lokalnim anestetikom ali lokalno delujoč  lidokainski gel. Kirurška revizija ni strokovno utemeljena, ker lahko bolečine le stopnjuje (1, 9).",242,250
