0,"Pri tem je potrebno paziti na zadostno prezračevanje. Na površini vseh izolacijskih plošč iz lesnih vlaken se nahaja fin , neviden sloj kristalčkov iz lesnega sladkorja, lignina, kot tudi odrgnjena vlakna, ki jih odtekajoča voda raztopi in s tem lahko povzroči umazanost vključenih gradbenih delov (opaži, okna, omet itd.). Med fazo gradnje je potrebno izvesti nadzor odvajanja vode.",243,247
1,"V kolikor vaših računovodskih poslov ne vodijo ustrezno šolani ljudje s prepotrebnimi izkušnjami na tem področju, bodo vaši glavoboli, povezani s takimi težavami bolj pogosti kot sicer. Predstavljamo vam računovodski servis fin  Servis iz Ljubljane. Ukvarjajo se z vsemi najbolj pogostimi računovodskimi storitvami, kot eni redkih ta trenutek v Sloveniji pa že ponujajo tudi obračun ddv-ja po plačani realizaciji.",243,247
2,"Ukvarjajo se z vsemi najbolj pogostimi računovodskimi storitvami, kot eni redkih ta trenutek v Sloveniji pa že ponujajo tudi obračun ddv-ja po plačani realizaciji. Ta storitev bo v prihodnjih letih postala obvezna za vsak računovodski servis, fin  Servis pa to storitev izvaja že nekaj časa in so, glede na dolgoletno prakso, izkušene zaposlene in pestro paleto računovodskih storitev, brez dvoma pravi naslov za vse, ki iščejo kvaliteten računovodski servis. Profesionalni glavni kuharji po celem svetu se zanašajo na naše pečice, kuhalne plošče, pomivalne stroje in majhne gospodinjske aparate za ustvarjanje nepozabnih jedi za svoje stranke.",243,247
3,"), bilančne podatke o podjetjih, podatke o podjetjih v stečaju, poslovni imenik KOMPASS, Borza OnLine. Tax-Fin-Lex - spletni portal z dokumenti iz davčnega (TAX), računovodsko-finančnega ( fin ) in pravnega področja (LEX). Omogočen je tudi dostop do storitve EKO-LEX, ki združuje vso veljavno zakonodajo RS in EU, članke in komentarje predpisov s področja varovanja okolja.",243,247
4,"marec 2010 Direktorica nabave, logistike, plana in kontrolinga Vodenje in organiziranje operativne logistike in racionalizacija obratnega kapitala podjetja in celotne skupine (strateška in operativna nabava in prodajna logistika, proizvodnja in plan, skladiščenje). Vodenje in organiziranje kontrolinga (nadzor nad fin . izkazi podjetja in skupine za potrebe poročanja lastniku, vodenje in koordinacija aktivnosti v smislu zniževanja stroškov podjetja, nadzor in koordinacija strateškega finančnega plana podjetja.",243,247
5,"15. december 2011 Sodišče zavrnilo zahtevo Hidrie fin  za imenovanje drugega posebnega revizorja Ker manjšinska delničarka v družbi FMR – družba Hidria Fin ni bila zadovoljna z ugotovitvami s strani sodišča imenovanega posebnega neodvisnega revizorja, ki v svojem poročilu o posebni reviziji posameznih poslov družbe FMR ni ugotovil nikakršnih nepravilnosti, nezakonitosti oz. nepoštenosti, je sodišču predlagala imenovanje drugega posebnega revizorja za preveritev istih poslov. Več...",243,247
6,"15. december 2011 Sodišče zavrnilo zahtevo Hidrie Fin za imenovanje drugega posebnega revizorja Ker manjšinska delničarka v družbi FMR – družba Hidria fin  ni bila zadovoljna z ugotovitvami s strani sodišča imenovanega posebnega neodvisnega revizorja, ki v svojem poročilu o posebni reviziji posameznih poslov družbe FMR ni ugotovil nikakršnih nepravilnosti, nezakonitosti oz. nepoštenosti, je sodišču predlagala imenovanje drugega posebnega revizorja za preveritev istih poslov. Več...",243,247
7,"Spletni informacijski sistem TAX-FIN-LEX prinaša dokumente z davčnega, finančnega in pravnega področja. Kot pove že samo ime, je razdeljen na tri področja in sicer: TAX – ki prinaša članke, obrazce in druge informacije s področja davkov, fin  - z izbranimi finančno-računovodskimi informacijami, strokovnimi članki in obrazci s področja financ in LEX – pravni podatki in informacije iz slovenske in evropske zakonodaje. Je finančni, računovodski in davčni informacijski sistem, ki povezuje zbirke obsežnih strokovnih vsebin, podatkov, obrazcev in pripomočkov s področij financ, davkov in računovodstva.",243,247
8,"Svetujem, da se izogibaš, da bi bila od glave do nog oblečena v črno. Super je tudi, da se to jesen tople zimske pletenine nosijo in kombinirajo na fin , a ne nastopaški način. To pomeni, da topel, konkreten zimski pulover z lahkoto oblečeš na fine hlače ali krilo.",243,247
9,"Viskoza je izjemno prijetna za nosit, saj je hladna in gladka na otip. Ločimo viskozo, ki ji je dodan elastin in je zelo prožna in elastična, ter 100 % viskozo, ki ni prav prožen material in se bolj mečka, pač pa zelo lepo pade in daje oblekam fin  videz. Viskoza se preprosto vzdržuje, ponavadi je dovoljeno pranje na 40 stopinjah in likanje na srednji temperaturi.",243,247
